hierarchy,2019avg_weekly_revenue,2019avg_weekly_projected_revenue,revenue_projection_RMSE,revenue_avg_weekly_prcnt_err,2019avg_weekly_traffic,2019avg_weekly_projected_traffic,traffic_projection_RMSE,traffic_avg_weekly_prcnt_err
Ex Department 1,67943514.56488372,68344661.28240964,13382420.159924021,2.062439367460172,23429046.20883721,22750713.303326663,5728405.946949826,3.170623799164728
Ex Department 2,122185.36023255819,119682.9237736397,45852.6173661467,4.064961544678326,44067.558139534885,44348.81896289286,19342.46170872719,4.5658272811391765
