hierarchy,2019avg_weekly_revenue,2019avg_weekly_projected_revenue,revenue_projection_RMSE,revenue_avg_weekly_prcnt_err,2019avg_weekly_units,2019avg_weekly_projected_units,units_projection_RMSE,units_avg_weekly_prcnt_err
Ex Department 1,67943514.56488372,68324508.76220194,13370363.682423405,2.041658006518952,23429046.20883721,22744072.452864848,5757034.445314188,3.1927688363219042
Ex Department 2,122185.36023255819,119637.33573120525,45978.51130736942,4.149261922807977,44067.558139534885,44332.728824805,19372.361857358377,4.545810651897505
